Frequency(Hz),Transmission Loss(dB),Phase(deg),Rs,SWR,Xs,|Z|,Theta
25990000,-58.42,69.57,29017.6,0.00,-78157.8,83370.6,0.0
25990073,-59.25,60.31,45341.3,0.00,-79692.0,91687.8,0.0
25990146,-58.75,61.38,41360.4,0.00,-75990.6,86517.4,0.0
25990219,-57.17,65.83,29444.2,0.00,-65839.3,72123.3,0.0
25990292,-58.31,60.84,40025.3,0.00,-71899.8,82289.8,0.0
25990365,-57.02,71.12,22858.3,0.00,-67142.0,70926.4,0.0
25990438,-58.46,61.59,39756.1,0.00,-73667.5,83710.5,0.0
25990511,-56.70,66.45,27237.1,0.00,-62710.2,68369.8,0.0
25990584,-56.92,68.17,25998.1,0.00,-65144.6,70140.7,0.0
25990657,-55.91,72.62,18550.6,0.00,-59598.1,62418.4,0.0
25990730,-56.28,62.23,30252.3,0.00,-57646.2,65102.1,0.0
25990803,-56.77,63.50,30661.4,0.00,-61702.6,68900.9,0.0
25990876,-57.24,72.40,21910.3,0.00,-69400.2,72776.7,0.0
25990949,-57.13,66.84,28172.7,0.00,-66079.5,71834.5,0.0
25991022,-56.05,71.80,19724.7,0.00,-60288.1,63432.8,0.0
25991095,-55.17,68.76,20668.9,0.00,-53439.3,57297.2,0.0
25991168,-56.24,72.64,19260.3,0.00,-61930.4,64856.2,0.0
25991241,-55.30,71.21,18651.6,0.00,-55124.1,58194.1,0.0
25991314,-55.85,61.22,29771.4,0.00,-54387.2,62002.5,0.0
25991387,-55.45,63.43,26405.1,0.00,-52999.4,59212.9,0.0
25991460,-55.02,71.79,17506.0,0.00,-53513.7,56304.4,0.0
25991533,-54.28,66.45,20572.1,0.00,-47439.9,51708.4,0.0
25991606,-54.44,65.32,21921.8,0.00,-47916.5,52693.1,0.0
25991679,-56.19,65.14,26993.7,0.00,-58487.3,64416.1,0.0
25991752,-55.74,67.86,22968.0,0.00,-56706.3,61181.1,0.0
25991825,-54.89,72.17,16896.2,0.00,-52836.9,55472.7,0.0
25991898,-54.96,70.63,18460.8,0.00,-52798.3,55932.7,0.0
25991971,-54.28,66.53,20509.0,0.00,-47458.9,51700.7,0.0
25992044,-55.06,66.60,22378.8,0.00,-51956.3,56571.0,0.0
25992117,-53.69,70.81,15798.5,0.00,-45681.0,48335.8,0.0
25992190,-54.04,63.32,22497.7,0.00,-44964.5,50278.7,0.0
25992263,-55.45,64.19,25673.5,0.00,-53292.6,59154.3,0.0
25992336,-54.70,70.42,18116.4,0.00,-51206.9,54317.1,0.0
25992409,-54.11,67.00,19724.9,0.00,-46715.6,50709.2,0.0
25992482,-53.35,70.15,15689.2,0.00,-43735.8,46464.8,0.0
25992555,-52.73,75.66,10622.3,0.00,-41954.4,43278.2,0.0
25992628,-53.37,72.52,13894.7,0.00,-44442.4,46563.9,0.0
25992701,-53.69,72.57,14388.7,0.00,-46135.7,48327.4,0.0
25992774,-53.17,71.01,14718.4,0.00,-43068.7,45514.2,0.0
25992847,-52.74,70.82,14146.0,0.00,-40965.6,43339.2,0.0
25992920,-53.48,72.06,14434.9,0.00,-44903.9,47167.0,0.0
25992993,-52.49,69.39,14725.2,0.00,-39428.2,42088.2,0.0
25993066,-52.86,66.64,17331.5,0.00,-40352.0,43916.6,0.0
25993139,-52.33,68.73,14894.1,0.00,-38516.7,41296.2,0.0
25993212,-53.15,66.16,18258.6,0.00,-41553.5,45388.0,0.0
25993285,-53.02,70.58,14787.9,0.00,-42236.6,44750.6,0.0
25993358,-52.50,69.69,14540.2,0.00,-39555.3,42143.1,0.0
25993431,-52.08,68.55,14592.4,0.00,-37388.8,40135.6,0.0
25993504,-52.12,74.77,10502.5,0.00,-38942.4,40333.8,0.0
25993577,-52.21,69.94,13880.7,0.00,-38296.9,40734.8,0.0
25993650,-53.09,65.51,18612.6,0.00,-41076.4,45096.6,0.0
25993723,-52.19,67.65,15379.1,0.00,-37649.3,40669.2,0.0
25993796,-52.77,76.86,9790.9,0.00,-42377.6,43493.9,0.0
25993869,-51.98,65.27,16519.2,0.00,-36085.7,39687.0,0.0
25993942,-51.96,66.59,15654.2,0.00,-36383.8,39608.5,0.0
25994015,-50.95,69.47,12268.9,0.00,-33036.7,35241.3,0.0
25994088,-52.69,70.66,14164.0,0.00,-40649.5,43046.5,0.0
25994161,-51.79,71.61,12168.4,0.00,-36891.5,38846.5,0.0
25994234,-52.64,66.45,17024.9,0.00,-39289.8,42819.8,0.0
25994307,-52.67,71.45,13572.4,0.00,-40751.9,42952.6,0.0
25994380,-51.60,66.99,14760.8,0.00,-34999.6,37984.9,0.0
25994453,-51.78,74.05,10563.4,0.00,-37314.9,38781.2,0.0
25994526,-51.82,66.77,15273.1,0.00,-35814.6,38935.2,0.0
25994599,-51.19,70.36,12082.1,0.00,-34136.9,36212.0,0.0
25994672,-51.87,73.30,11166.4,0.00,-37562.9,39187.4,0.0
25994745,-51.12,73.66,10015.5,0.00,-34501.9,35926.2,0.0
25994818,-51.44,74.27,10020.3,0.00,-35938.6,37309.4,0.0
25994891,-50.37,69.36,11536.7,0.00,-30894.9,32978.7,0.0
25994964,-50.07,70.31,10646.9,0.00,-30024.9,31856.8,0.0
25995037,-50.04,76.49,7319.0,0.00,-30887.2,31742.5,0.0
25995110,-49.33,69.38,10212.1,0.00,-27408.2,29248.9,0.0
25995183,-48.95,74.61,7335.1,0.00,-27015.9,27994.0,0.0
25995256,-48.84,73.94,7555.8,0.00,-26595.6,27648.1,0.0
25995329,-49.47,72.86,8669.0,0.00,-28426.5,29719.0,0.0
25995402,-49.10,70.80,9273.3,0.00,-26912.0,28464.9,0.0
25995475,-48.51,69.94,9040.2,0.00,-25036.0,26618.1,0.0
25995548,-48.04,70.18,8461.0,0.00,-23747.5,25209.8,0.0
25995621,-48.39,68.33,9595.2,0.00,-24406.1,26224.5,0.0
25995694,-48.03,70.57,8288.3,0.00,-23780.5,25183.5,0.0
25995767,-48.22,66.49,10175.6,0.00,-23618.9,25717.6,0.0
25995840,-48.74,68.46,9940.6,0.00,-25442.9,27315.9,0.0
25995913,-47.49,63.74,10375.0,0.00,-21231.8,23631.1,0.0
25995986,-47.48,60.55,11531.7,0.00,-20602.0,23609.8,0.0
25996059,-47.37,58.96,11943.8,0.00,-20008.7,23302.5,0.0
25996132,-47.43,54.86,13445.3,0.00,-19242.8,23474.7,0.0
25996205,-46.88,52.53,13337.2,0.00,-17527.7,22025.0,0.0
25996278,-47.07,48.98,14720.5,0.00,-17036.4,22515.2,0.0
25996351,-46.64,43.15,15567.4,0.00,-14686.8,21402.0,0.0
25996424,-46.04,37.32,15841.8,0.00,-12152.7,19966.2,0.0
25996497,-46.33,35.92,16687.5,0.00,-12159.2,20647.5,0.0
25996570,-45.96,30.32,17053.2,0.00,-10032.4,19785.4,0.0
25996643,-45.40,29.72,16070.4,0.00,-9230.5,18532.6,0.0
25996716,-45.50,24.00,17113.5,0.00,-7662.8,18750.8,0.0
25996789,-45.44,24.94,16853.6,0.00,-7883.9,18606.4,0.0
25996862,-44.14,23.59,14663.6,0.00,-6447.5,16018.5,0.0
25996935,-44.03,30.08,13669.0,0.00,-7976.4,15826.1,0.0
25997008,-43.34,32.61,12267.2,0.00,-7912.9,14597.9,0.0
25997081,-43.10,40.68,10740.5,0.00,-9316.1,14217.9,0.0
25997154,-41.78,42.51,8944.7,0.00,-8291.8,12196.8,0.0
25997227,-40.45,44.68,7389.4,0.00,-7406.2,10462.1,0.0
25997300,-40.37,46.66,7059.8,0.00,-7588.2,10364.4,0.0
25997373,-40.13,50.81,6315.0,0.00,-7868.9,10089.6,0.0
25997446,-38.91,46.08,6017.1,0.00,-6353.1,8750.3,0.0
25997519,-39.66,44.68,6740.9,0.00,-6764.0,9549.4,0.0
25997592,-38.67,38.89,6576.5,0.00,-5384.4,8499.5,0.0
25997665,-38.01,28.79,6865.5,0.00,-3828.2,7860.7,0.0
25997738,-38.62,20.51,7890.3,0.00,-2988.6,8437.4,0.0
25997811,-38.85,9.29,8543.5,0.00,-1413.9,8659.7,0.0
25997884,-39.25,-3.07,9060.8,0.00,491.3,9074.1,0.0
25997957,-38.61,-14.15,8165.4,0.00,2084.3,8427.2,0.0
25998030,-38.87,-22.87,7985.5,0.00,3410.7,8683.4,0.0
25998103,-39.79,-34.27,7967.4,0.00,5497.8,9680.1,0.0
25998176,-39.90,-38.01,7688.9,0.00,6087.4,9807.0,0.0
25998249,-41.06,-47.67,7508.1,0.00,8353.7,11231.9,0.0
25998322,-41.29,-49.66,7412.7,0.00,8847.1,11542.0,0.0
25998395,-41.78,-53.23,7248.3,0.00,9834.9,12217.3,0.0
25998468,-42.21,-51.11,7993.4,0.00,10032.7,12827.6,0.0
25998541,-42.71,-57.92,7151.9,0.00,11570.4,13602.4,0.0
25998614,-43.58,-61.87,7017.7,0.00,13313.2,15049.6,0.0
25998687,-43.91,-64.92,6550.2,0.00,14211.2,15648.1,0.0
25998760,-44.56,-65.16,6997.4,0.00,15333.3,16854.5,0.0
25998833,-44.86,-68.75,6242.2,0.00,16308.7,17462.5,0.0
25998906,-45.69,-68.73,6887.5,0.00,17947.3,19223.6,0.0
25998979,-46.46,-69.25,7351.8,0.00,19671.8,21000.7,0.0
25999052,-47.24,-72.57,6797.4,0.00,21967.8,22995.4,0.0
25999125,-48.07,-73.46,7112.3,0.00,24288.2,25308.1,0.0
25999198,-48.94,-71.95,8573.2,0.00,26614.4,27961.2,0.0
25999271,-49.39,-74.78,7636.0,0.00,28432.5,29440.1,0.0
25999344,-50.81,-72.85,10141.0,0.00,33186.0,34700.9,0.0
25999417,-51.68,-67.69,14462.6,0.00,35497.0,38330.2,0.0
25999490,-52.26,-74.02,11185.9,0.00,39422.1,40978.4,0.0
25999563,-53.26,-68.66,16653.7,0.00,42872.5,45993.5,0.0
25999636,-54.66,-55.23,30755.0,0.00,44438.9,54043.4,0.0
25999709,-53.58,-62.45,21993.0,0.00,42358.6,47727.8,0.0
25999782,-54.43,-58.05,27777.7,0.00,44698.7,52626.8,0.0
25999855,-54.63,-65.59,22159.3,0.00,49047.0,53820.5,0.0
25999928,-56.18,-55.68,36234.3,0.00,53219.6,64383.6,0.0
26000001,-55.90,-65.49,25780.3,0.00,56767.6,62347.3,0.0
26000074,-56.22,-67.46,24712.6,0.00,59797.4,64702.7,0.0
26000147,-56.98,-45.83,49125.8,0.00,50673.3,70577.1,0.0
26000220,-56.47,-55.35,37762.1,0.00,54776.1,66531.1,0.0
26000293,-57.37,-59.29,37629.2,0.00,63519.0,73828.4,0.0
26000366,-57.99,-53.89,46645.7,0.00,64089.7,79267.4,0.0
26000439,-57.72,-49.68,49681.8,0.00,58669.1,76878.7,0.0
26000512,-58.54,-50.38,53820.5,0.00,65142.3,84499.5,0.0
26000585,-57.33,-51.88,45299.0,0.00,57856.6,73480.5,0.0
26000658,-58.38,-49.42,53858.5,0.00,63004.2,82887.1,0.0
26000731,-58.81,-43.00,63648.4,0.00,59436.0,87084.8,0.0
26000804,-58.37,-47.98,55405.9,0.00,61602.7,82853.5,0.0
26000877,-59.45,-37.65,74213.7,0.00,57332.5,93780.0,0.0
26000950,-57.97,-42.01,58696.4,0.00,52959.3,79056.7,0.0
26001023,-58.41,-40.05,63617.9,0.00,53554.9,83158.7,0.0
26001096,-59.34,-49.58,59970.8,0.00,70537.2,92585.0,0.0
26001169,-60.36,-42.70,76495.5,0.00,70680.9,04150.6,0.0
26001242,-57.50,-38.47,58628.1,0.00,46660.0,74929.4,0.0
26001315,-59.02,-46.76,61057.8,0.00,65043.2,89211.4,0.0
26001388,-59.08,-43.51,65118.5,0.00,61914.6,89854.5,0.0
26001461,-59.85,-32.13,83123.6,0.00,52260.6,98187.1,0.0
26001534,-60.07,-48.41,66796.9,0.00,75375.3,00713.8,0.0
26001607,-60.80,-30.12,94786.5,0.00,55052.4,09614.1,0.0
26001680,-59.38,-31.84,79037.0,0.00,49145.6,93070.6,0.0
26001753,-58.53,-55.23,48080.4,0.00,69389.5,84419.4,0.0
26001826,-60.43,-33.14,87883.5,0.00,57439.9,04989.8,0.0
26001899,-60.03,-26.27,89915.6,0.00,44429.2,00293.5,0.0
26001972,-60.07,-43.82,72634.2,0.00,69800.5,00736.4,0.0
26002045,-61.85,-36.83,98948.3,0.00,74172.4,23662.1,0.0
26002118,-61.25,-33.30,96376.7,0.00,63367.1,15342.3,0.0
26002191,-61.04,-22.95,03666.4,0.00,43934.0,12591.8,0.0
26002264,-64.96,-17.14,68983.4,0.00,52147.5,76846.7,0.0
26002337,-61.07,-19.57,06460.8,0.00,37884.2,13000.5,0.0
26002410,-61.77,-17.88,16577.2,0.00,37651.0,22506.5,0.0
26002483,-60.20,-26.40,91510.7,0.00,45466.7,02183.4,0.0
26002556,-64.38,-25.15,49753.6,0.00,70361.6,65459.7,0.0
26002629,-61.50,-10.62,16744.2,0.00,21908.1,18782.1,0.0
26002702,-61.41,-12.47,14736.7,0.00,25404.7,17515.5,0.0
26002775,-61.89,-14.53,20285.9,0.00,31192.3,24264.5,0.0
26002848,-61.51,-32.05,00785.0,0.00,63165.8,18943.4,0.0
26002921,-63.42,-14.17,43582.1,0.00,36285.1,48096.1,0.0
26002994,-61.43,-24.97,06750.2,0.00,49746.8,17772.5,0.0
26003067,-61.94,-41.10,94065.9,0.00,82150.9,24888.6,0.0
26003140,-60.22,-12.36,00038.4,0.00,21942.2,02416.5,0.0
26003213,-61.93,-38.65,97382.0,0.00,77950.3,24737.7,0.0
26003286,-63.61,-17.87,44037.5,0.00,46484.9,51352.7,0.0
26003359,-63.25,-21.80,34897.1,0.00,53988.4,45299.6,0.0
26003432,-61.03,-33.60,93683.9,0.00,62313.8,12515.2,0.0
26003505,-63.04,-21.43,32024.9,0.00,51855.8,41843.6,0.0
26003578,-62.91,-30.55,20300.7,0.00,71072.7,39726.8,0.0
26003651,-65.14,-19.50,70234.0,0.00,60332.1,80608.9,0.0
26003724,-65.27,-31.19,56894.7,0.00,95050.6,83440.9,0.0
26003797,-62.18,-4.04,28160.7,0.00,9050.3,28479.8,0.0
26003870,-65.50,-20.90,75906.4,0.00,67195.3,88303.7,0.0
26003943,-62.91,-57.36,75310.8,0.00,17713.0,39742.8,0.0
26004016,-63.19,-28.92,26333.1,0.00,69864.5,44364.5,0.0
26004089,-65.74,-23.50,77496.9,0.00,77229.2,93570.4,0.0
26004162,-63.76,-24.38,40366.3,0.00,63656.4,54126.0,0.0
26004235,-62.58,-28.87,17777.3,0.00,64979.4,34513.3,0.0
26004308,-62.28,-29.94,12615.1,0.00,64922.1,29988.7,0.0
26004381,-66.40,-16.01,00773.2,0.00,57633.5,08881.6,0.0
26004454,-64.80,-13.39,68886.6,0.00,40234.0,73613.0,0.0
26004527,-67.39,-13.44,27652.1,0.00,54416.8,34065.5,0.0
26004600,-63.96,-24.85,43041.8,0.00,66299.6,57659.8,0.0
26004673,-63.69,-36.39,22964.9,0.00,90709.1,52802.2,0.0
26004746,-64.31,-36.59,31801.7,0.00,97934.8,64203.9,0.0
26004819,-62.64,-6.89,34391.1,0.00,16252.7,35370.3,0.0
26004892,-65.10,-6.71,78651.7,0.00,21021.5,79884.2,0.0
26004965,-63.07,-1.05,42275.0,0.00,2615.5,42299.1,0.0
26005038,-62.80,-37.90,08882.2,0.00,84845.7,38036.7,0.0
26005111,-64.93,-17.40,68179.2,0.00,52722.2,76249.4,0.0
26005184,-63.07,-7.35,41062.7,0.00,18205.9,42232.7,0.0
26005257,-63.11,-19.56,34727.3,0.00,47900.3,42989.1,0.0
26005330,-61.95,-20.20,17363.9,0.00,43217.6,25068.2,0.0
26005403,-64.60,-8.89,67747.2,0.00,26262.3,69790.5,0.0
26005476,-62.52,-21.09,24554.4,0.00,48084.7,33513.8,0.0
26005549,-63.71,-16.78,46676.6,0.00,44262.7,53209.7,0.0
26005622,-67.59,-28.33,10813.6,0.00,13726.2,39533.0,0.0
26005695,-63.33,-18.23,39330.8,0.00,45925.8,46704.6,0.0
26005768,-62.15,5.09,27519.3,0.00,-11365.5,28024.8,0.0
26005841,-64.01,-32.90,33070.2,0.00,86159.9,58528.2,0.0
26005914,-65.97,-1.51,98635.8,0.00,5229.4,98704.6,0.0
26005987,-65.90,14.24,91118.8,0.00,-48536.3,97185.6,0.0
26006060,-64.57,-9.77,66764.2,0.00,28722.1,69219.6,0.0
26006133,-67.39,-32.72,96974.5,0.00,26640.7,34172.6,0.0
26006206,-68.88,-14.97,68349.8,0.00,71801.1,77789.6,0.0
26006279,-66.01,-3.04,99417.8,0.00,10578.6,99698.2,0.0
26006352,-62.04,-11.71,23791.1,0.00,25688.4,26428.4,0.0
26006425,-62.95,-16.47,34653.2,0.00,39839.7,40423.2,0.0
26006498,-63.46,-12.62,45286.8,0.00,32555.8,48889.7,0.0
26006571,-63.34,-6.58,45880.4,0.00,16849.4,46850.2,0.0
26006644,-62.95,-15.95,34966.2,0.00,38605.7,40379.0,0.0
26006717,-65.41,-25.12,68597.8,0.00,79098.9,86230.6,0.0
26006790,-63.73,-21.22,43130.4,0.00,55608.0,53553.1,0.0
26006863,-61.96,5.47,24671.7,0.00,-11952.8,25243.4,0.0
26006936,-63.82,-18.07,47559.5,0.00,48169.8,55222.9,0.0
26007009,-62.14,-0.78,27778.2,0.00,1750.8,27790.2,0.0
26007082,-66.26,-13.50,99821.4,0.00,48014.5,05509.1,0.0
26007155,-65.47,-18.90,77554.5,0.00,60833.9,87686.9,0.0
26007228,-61.89,-9.46,22458.8,0.00,20417.3,24149.2,0.0
26007301,-62.24,8.77,27772.7,0.00,-19722.9,29285.9,0.0
26007374,-63.91,-20.03,47300.0,0.00,53738.3,56796.3,0.0
26007447,-64.78,-20.05,62691.2,0.00,59399.0,73195.4,0.0
26007520,-67.30,-41.97,72098.0,0.00,54891.9,31536.7,0.0
26007593,-62.67,4.68,35446.7,0.00,-11090.7,35900.0,0.0
26007666,-68.88,20.84,59605.5,0.00,-98868.9,77795.0,0.0
26007739,-65.22,17.54,73822.4,0.00,-54963.0,82305.1,0.0
26007812,-62.71,-11.65,33694.0,0.00,27589.1,36511.0,0.0
26007885,-62.92,17.75,33269.1,0.00,-42688.3,39939.1,0.0
26007958,-60.09,-32.98,84699.4,0.00,55032.9,01008.0,0.0
26008031,-62.02,-5.02,25537.1,0.00,11030.2,26020.8,0.0
26008104,-66.65,-10.85,11036.2,0.00,40459.2,14879.6,0.0
26008177,-67.97,-29.97,16667.9,0.00,24980.0,50130.0,0.0
26008250,-64.27,8.72,61578.5,0.00,-24793.6,63469.7,0.0
26008323,-61.61,8.73,18872.6,0.00,-18263.3,20267.4,0.0
26008396,-64.73,-18.90,63057.7,0.00,55873.0,72364.8,0.0
26008469,-65.26,20.50,71591.3,0.00,-64203.6,83209.3,0.0
26008542,-67.86,-21.58,29627.7,0.00,90859.9,46950.2,0.0
26008615,-64.13,-11.53,57560.1,0.00,32165.1,60809.8,0.0
26008688,-66.95,6.38,21105.9,0.00,-24719.3,22483.4,0.0
26008761,-61.30,-12.03,13504.3,0.00,24218.2,16059.3,0.0
26008834,-65.54,-22.63,74623.2,0.00,72855.4,89212.0,0.0
26008907,-66.23,-8.96,02309.9,0.00,31928.1,04813.8,0.0
26008980,-65.48,-19.42,77194.4,0.00,62514.3,87898.7,0.0
26009053,-65.82,-17.84,85868.1,0.00,59848.4,95265.9,0.0
26009126,-67.55,-4.73,37524.2,0.00,19646.7,38335.4,0.0
26009199,-64.97,-25.82,59367.4,0.00,77158.8,77063.4,0.0
26009272,-74.93,-49.64,61122.9,0.00,25067.4,57756.3,0.0
26009345,-65.74,-1.38,93557.3,0.00,4668.9,93613.6,0.0
26009418,-70.06,-3.53,17604.3,0.00,19605.3,18208.8,0.0
26009491,-66.31,-25.52,86480.7,0.00,89087.7,06668.0,0.0
26009564,-70.01,-6.55,14409.1,0.00,36101.0,16474.9,0.0
26009637,-65.41,12.14,82251.4,0.00,-39228.2,86425.4,0.0
26009710,-64.73,-16.77,64959.6,0.00,49746.1,72297.2,0.0
26009783,-62.40,-19.60,24027.8,0.00,44189.1,31664.6,0.0
26009856,-67.63,-26.22,15808.4,0.00,06312.2,40573.4,0.0
26009929,-68.34,-12.15,55369.5,0.00,54982.6,61221.5,0.0
26010002,-72.95,-15.91,27053.8,0.00,21786.5,44079.9,0.0
26010075,-66.92,0.33,21770.2,0.00,-1275.8,21773.8,0.0
26010148,-67.86,-17.56,35591.6,0.00,74580.0,47114.5,0.0
26010221,-66.32,-3.73,06469.2,0.00,13484.1,06909.0,0.0
26010294,-65.53,-29.62,64201.3,0.00,93408.1,88910.3,0.0
26010367,-69.10,13.44,77093.0,0.00,-66262.5,84905.7,0.0
26010440,-69.31,-6.37,90263.4,0.00,32434.4,92069.9,0.0
26010513,-68.78,-41.72,05030.8,0.00,82903.8,74757.1,0.0
26010586,-73.46,17.22,49772.5,0.00,-39430.1,70888.6,0.0
26010659,-69.60,9.86,97321.2,0.00,-51700.1,01782.7,0.0
26010732,-73.08,-41.45,37829.5,0.00,98459.3,50784.6,0.0
26010805,-67.31,-19.84,18127.9,0.00,78726.0,31899.9,0.0
26010878,-73.28,-12.34,50596.3,0.00,98602.1,61258.5,0.0
26010951,-66.24,9.44,02294.9,0.00,-33637.9,05072.6,0.0
26011024,-72.03,20.30,74467.4,0.00,-38567.6,99282.9,0.0
26011097,-68.08,-38.76,97683.5,0.00,58793.1,53562.6,0.0
26011170,-69.50,-20.31,79899.5,0.00,03606.9,98459.6,0.0
26011243,-70.18,-24.22,94358.0,0.00,32472.9,22793.6,0.0
26011316,-68.53,12.42,60617.1,0.00,-57422.2,66868.1,0.0
26011389,-68.32,-3.58,60144.3,0.00,16280.8,60653.3,0.0
26011462,-76.25,-28.15,72428.1,0.00,06299.5,49225.2,0.0
26011535,-70.76,-9.57,40213.4,0.00,57395.1,45020.8,0.0
26011608,-67.11,0.50,26554.7,0.00,-1979.1,26563.4,0.0
26011681,-66.87,-15.28,12633.7,0.00,58128.0,20435.8,0.0
26011754,-65.68,-4.00,91812.4,0.00,13435.0,92282.3,0.0
26011827,-67.40,15.09,26125.1,0.00,-61018.4,34213.1,0.0
26011900,-67.62,10.97,35923.5,0.00,-45754.8,40319.3,0.0
26011973,-68.14,9.98,51245.9,0.00,-44229.4,55109.3,0.0
26012046,-66.17,12.07,98838.1,0.00,-42540.4,03337.8,0.0
26012119,-65.45,-25.25,69203.3,0.00,79857.1,87101.3,0.0
26012192,-72.21,-6.17,05485.9,0.00,43839.4,07848.8,0.0
26012265,-66.61,19.35,01750.5,0.00,-70895.2,13844.3,0.0
26012338,-67.31,20.70,17052.7,0.00,-82040.3,32039.8,0.0
26012411,-64.15,21.07,50291.5,0.00,-57943.8,61074.6,0.0
26012484,-64.10,37.24,27529.2,0.00,-97014.3,60235.7,0.0
26012557,-63.99,13.28,53962.2,0.00,-36374.4,58200.7,0.0
26012630,-66.13,13.49,96840.8,0.00,-47256.5,02433.9,0.0
26012703,-64.82,23.37,59803.2,0.00,-69109.0,74106.6,0.0
26012776,-63.61,20.87,41481.4,0.00,-53991.5,51433.4,0.0
26012849,-65.23,21.43,69945.0,0.00,-66739.6,82580.1,0.0
26012922,-63.74,42.05,14169.7,0.00,-03059.5,53805.0,0.0
26012995,-64.40,-3.03,65580.9,0.00,8765.6,65812.8,0.0
26013068,-67.14,25.91,04614.1,0.00,-99446.9,27500.8,0.0
26013141,-64.93,25.68,58793.1,0.00,-76418.7,76224.5,0.0
26013214,-68.53,53.82,57446.3,0.00,-15451.5,66849.6,0.0
26013287,-63.38,8.33,45838.3,0.00,-21364.3,47394.9,0.0
26013360,-62.61,28.14,19043.6,0.00,-63728.1,35028.4,0.0
26013433,-66.46,0.85,10165.7,0.00,-3120.2,10188.9,0.0
26013506,-62.19,34.49,05921.7,0.00,-72851.2,28556.2,0.0
26013579,-61.68,25.85,09033.4,0.00,-52881.2,21180.4,0.0
26013652,-62.57,32.57,13239.0,0.00,-72397.4,34404.1,0.0
26013725,-62.36,33.75,09023.4,0.00,-72914.3,31158.7,0.0
26013798,-62.74,35.24,11921.1,0.00,-79132.8,37070.5,0.0
26013871,-59.51,36.60,75747.4,0.00,-56324.8,94393.6,0.0
26013944,-63.56,55.25,85793.6,0.00,-23802.7,50624.3,0.0
26014017,-60.36,27.26,92599.0,0.00,-47768.0,04193.8,0.0
26014090,-61.64,19.11,13970.2,0.00,-39512.8,20625.3,0.0
26014163,-63.61,25.03,37186.0,0.00,-64115.9,51429.4,0.0
26014236,-61.34,33.75,96927.0,0.00,-64826.0,16607.3,0.0
26014309,-62.15,31.34,09234.6,0.00,-66589.4,27931.0,0.0
26014382,-62.63,18.55,28239.6,0.00,-43075.5,35280.8,0.0
26014455,-60.21,33.58,85252.1,0.00,-56665.7,02366.6,0.0
26014528,-60.75,44.15,78150.0,0.00,-75958.9,08982.4,0.0
26014601,-60.26,28.20,90687.5,0.00,-48686.6,02930.1,0.0
26014674,-63.68,23.02,40542.2,0.00,-59744.6,52713.9,0.0
26014747,-63.64,48.73,00196.8,0.00,-14304.9,52003.4,0.0
26014820,-61.84,26.90,10172.8,0.00,-55948.4,23564.9,0.0
26014893,-60.97,41.00,84295.7,0.00,-73360.5,11747.6,0.0
26014966,-64.65,16.12,63910.1,0.00,-47396.6,70625.2,0.0
26015039,-60.27,37.19,82040.1,0.00,-62323.6,03028.2,0.0
26015112,-61.81,34.85,00932.5,0.00,-70354.0,23032.7,0.0
26015185,-61.44,42.24,87324.6,0.00,-79385.9,18015.7,0.0
26015258,-59.91,27.98,87354.4,0.00,-46452.0,98937.2,0.0
26015331,-63.34,32.86,23256.0,0.00,-79685.1,46771.1,0.0
26015404,-62.65,38.68,05793.7,0.00,-84789.8,35578.8,0.0
26015477,-64.69,36.97,36924.3,0.00,-03153.6,71432.0,0.0
26015550,-62.67,49.75,87790.8,0.00,-03829.6,35969.8,0.0
26015623,-62.33,49.30,85155.9,0.00,-99133.4,30686.5,0.0
26015696,-62.55,22.14,24133.4,0.00,-50538.5,34027.1,0.0
26015769,-61.64,50.43,76824.5,0.00,-93078.6,20688.2,0.0
26015842,-65.51,51.11,18241.8,0.00,-46698.3,88418.5,0.0
26015915,-63.50,39.45,15503.6,0.00,-95118.8,49628.5,0.0
26015988,-65.53,44.56,34542.7,0.00,-32573.5,88884.8,0.0
26016061,-65.47,38.27,47362.2,0.00,-16315.7,87736.4,0.0
26016134,-61.71,25.59,09742.8,0.00,-52609.5,21701.4,0.0
26016207,-62.06,41.31,95160.7,0.00,-83713.2,26741.7,0.0
26016280,-66.18,53.64,20610.2,0.00,-63977.4,03556.9,0.0
26016353,-64.36,19.27,55810.4,0.00,-54496.3,65065.8,0.0
26016426,-66.89,41.90,64421.3,0.00,-47612.3,20961.0,0.0
26016499,-65.56,23.69,73568.6,0.00,-76215.6,89564.9,0.0
26016572,-62.23,38.41,01203.1,0.00,-80330.3,29209.2,0.0
26016645,-62.58,31.11,15100.6,0.00,-69510.1,34461.1,0.0
26016718,-63.70,34.36,26294.0,0.00,-86407.3,53024.1,0.0
26016791,-61.87,28.83,08536.7,0.00,-59806.8,23923.6,0.0
26016864,-65.19,17.66,73170.2,0.00,-55162.4,81743.8,0.0
26016937,-65.78,33.36,62459.6,0.00,-07021.5,94542.4,0.0
26017010,-65.03,41.39,33783.3,0.00,-18010.5,78394.0,0.0
26017083,-65.88,47.39,33101.2,0.00,-44788.0,96671.1,0.0
26017156,-70.92,54.43,04346.2,0.00,-85912.4,51430.3,0.0
26017229,-64.11,43.48,16303.3,0.00,-10400.8,60358.3,0.0
26017302,-64.94,36.56,41711.6,0.00,-05158.1,76466.5,0.0
26017375,-61.27,42.49,85259.1,0.00,-78200.7,15691.2,0.0
26017448,-63.93,38.27,23297.8,0.00,-97353.2,57098.7,0.0
26017521,-65.70,38.30,51101.1,0.00,-19397.1,92580.4,0.0
26017594,-65.45,48.99,22837.2,0.00,-41377.5,87287.4,0.0
26017667,-66.66,51.77,33138.9,0.00,-69134.4,15249.6,0.0
26017740,-65.23,49.43,18603.2,0.00,-38616.2,82431.2,0.0
26017813,-62.72,40.83,03448.6,0.00,-89462.7,36766.9,0.0
26017886,-64.48,34.27,38316.6,0.00,-94309.1,67408.7,0.0
26017959,-66.21,49.32,33106.9,0.00,-55001.4,04310.7,0.0
26018032,-66.58,25.01,93161.6,0.00,-90162.8,13168.4,0.0
26018105,-65.26,21.65,70201.7,0.00,-67593.9,83132.6,0.0
26018178,-66.51,42.44,56112.6,0.00,-42839.0,11598.9,0.0
26018251,-66.49,44.85,49499.6,0.00,-48827.8,10949.8,0.0
26018324,-62.40,33.91,09351.6,0.00,-73562.7,31792.4,0.0
26018397,-64.69,41.63,28125.4,0.00,-13981.1,71487.0,0.0
26018470,-68.28,34.17,14508.9,0.00,-45687.7,59304.8,0.0
26018543,-70.76,60.14,71671.2,0.00,-99154.3,44912.0,0.0
26018616,-64.22,18.82,53792.7,0.00,-52439.6,62487.3,0.0
26018689,-64.79,41.67,29509.0,0.00,-15341.4,73425.0,0.0
26018762,-65.01,18.97,68188.3,0.00,-57862.2,77863.2,0.0
26018835,-64.61,35.67,37998.6,0.00,-99124.8,69909.8,0.0
26018908,-65.49,37.11,49900.2,0.00,-13488.8,88015.4,0.0
26018981,-66.92,30.04,91840.9,0.00,-10981.2,21629.7,0.0
26019054,-65.09,20.05,68672.0,0.00,-61595.1,79566.7,0.0
26019127,-65.01,40.58,35198.3,0.00,-15871.5,78058.4,0.0
26019200,-64.58,18.46,60532.2,0.00,-53637.1,69255.8,0.0
26019273,-65.85,48.02,31076.4,0.00,-45792.6,96052.3,0.0
26019346,-67.09,32.45,90808.6,0.00,-21405.0,26157.3,0.0
26019419,-64.19,18.75,53226.8,0.00,-52053.3,61827.1,0.0
26019492,-64.55,25.55,52190.1,0.00,-72801.7,68706.6,0.0
26019565,-65.35,20.39,73429.5,0.00,-64498.7,85034.8,0.0
26019638,-66.10,9.82,98743.8,0.00,-34434.0,01704.7,0.0
26019711,-67.94,23.61,28431.1,0.00,-99902.4,49321.6,0.0
26019784,-66.97,33.40,86166.7,0.00,-22820.6,23031.2,0.0
26019857,-64.40,24.48,51021.5,0.00,-68808.0,65958.0,0.0
26019930,-66.94,18.51,10709.6,0.00,-70589.1,22219.2,0.0
26020003,-63.70,25.93,37666.0,0.00,-66979.5,53095.3,0.0
26020076,-68.29,20.65,42931.2,0.00,-91590.1,59623.4,0.0
26020149,-63.71,15.85,47397.0,0.00,-41877.7,53230.6,0.0
26020222,-64.64,-6.20,69430.7,0.00,18419.4,70429.0,0.0
26020295,-63.62,5.88,50856.5,0.00,-15553.1,51656.1,0.0
26020368,-65.31,11.03,80760.2,0.00,-35258.6,84166.8,0.0
26020441,-62.40,4.61,31325.2,0.00,-10598.2,31752.1,0.0
26020514,-64.04,32.05,34849.6,0.00,-84505.9,59140.4,0.0
26020587,-61.92,13.73,21087.0,0.00,-29613.8,24655.7,0.0
26020660,-63.09,10.07,40360.3,0.00,-24944.1,42559.5,0.0
26020733,-63.66,4.93,51805.0,0.00,-13095.1,52368.8,0.0
26020806,-65.51,21.04,75911.8,0.00,-67719.4,88496.3,0.0
26020879,-63.95,25.56,42004.0,0.00,-67973.1,57434.0,0.0
26020952,-63.75,38.89,19707.0,0.00,-96638.0,53846.2,0.0
26021025,-65.57,6.21,88768.7,0.00,-20536.2,89882.5,0.0
26021098,-62.37,23.11,20739.7,0.00,-51578.3,31295.1,0.0
26021171,-66.91,-8.08,19338.4,0.00,31170.4,21542.1,0.0
26021244,-67.98,21.49,33081.3,0.00,-91803.7,50509.1,0.0
26021317,-64.39,25.22,49868.9,0.00,-70631.8,65679.0,0.0
26021390,-62.23,8.89,27624.0,0.00,-19979.9,29178.5,0.0
26021463,-63.37,11.87,44110.9,0.00,-30316.0,47265.1,0.0
26021536,-65.40,11.80,82126.6,0.00,-38072.6,86063.5,0.0
26021609,-62.77,8.60,35887.1,0.00,-20570.4,37435.2,0.0
26021682,-64.18,17.49,54216.8,0.00,-48620.0,61699.5,0.0
26021755,-63.66,9.41,50195.1,0.00,-24896.0,52244.5,0.0
26021828,-62.00,39.95,96376.5,0.00,-80821.2,25779.5,0.0
26021901,-66.95,36.43,79064.0,0.00,-32214.0,22585.8,0.0
26021974,-70.49,55.87,87592.0,0.00,-76860.0,34428.2,0.0
26022047,-64.05,48.57,05394.5,0.00,-19516.8,59349.5,0.0
26022120,-66.42,22.98,92600.9,0.00,-81701.7,09213.4,0.0
26022193,-63.68,52.95,91971.2,0.00,-21982.4,52769.2,0.0
26022266,-62.25,36.96,03468.7,0.00,-77929.3,29532.8,0.0
26022339,-66.53,44.24,51750.7,0.00,-47877.1,11886.6,0.0
26022412,-65.13,29.73,56674.4,0.00,-89531.3,80451.4,0.0
26022485,-65.28,48.34,21969.6,0.00,-37184.0,83564.8,0.0
26022558,-63.45,41.29,11658.5,0.00,-98137.1,48655.6,0.0
26022631,-66.42,45.34,47068.2,0.00,-48929.4,09306.0,0.0
26022704,-63.26,44.74,03326.3,0.00,-02508.6,45548.4,0.0
26022777,-60.69,42.63,79561.9,0.00,-73322.5,08195.6,0.0
26022850,-64.40,48.49,09922.6,0.00,-24302.1,65933.7,0.0
26022923,-63.04,30.92,21695.1,0.00,-72952.2,41886.3,0.0
26022996,-71.28,50.46,33201.6,0.00,-82588.3,66386.6,0.0
26023069,-62.03,50.72,79924.3,0.00,-97834.4,26330.8,0.0
26023142,-64.94,68.34,65097.7,0.00,-64204.3,76637.4,0.0
26023215,-63.31,65.52,60558.8,0.00,-33215.4,46334.3,0.0
26023288,-64.73,71.64,54202.3,0.00,-63618.8,72363.0,0.0
26023361,-68.74,51.35,70658.0,0.00,-13534.4,73351.6,0.0
26023434,-65.31,60.98,89316.9,0.00,-61178.2,84271.4,0.0
26023507,-63.49,57.90,79324.4,0.00,-26636.4,49429.4,0.0
26023580,-64.73,64.12,75179.1,0.00,-55162.5,72416.1,0.0
26023653,-63.70,66.55,60872.7,0.00,-40535.2,53152.3,0.0
26023726,-62.20,56.15,71684.7,0.00,-07009.6,28801.3,0.0
26023799,-62.14,61.77,60372.8,0.00,-12663.1,27819.6,0.0
26023872,-62.49,49.92,85688.8,0.00,-01957.6,33183.8,0.0
26023945,-61.79,49.85,79154.1,0.00,-93953.7,22852.3,0.0
26024018,-62.34,78.54,25900.1,0.00,-28305.7,30893.8,0.0
26024091,-63.09,61.36,68347.0,0.00,-25325.9,42751.1,0.0
26024164,-64.24,45.99,13128.2,0.00,-17214.4,62902.4,0.0
26024237,-61.85,48.03,82645.2,0.00,-91997.5,23668.0,0.0
26024310,-60.49,36.06,85385.5,0.00,-62255.5,05671.3,0.0
26024383,-64.24,49.14,06546.1,0.00,-23277.3,62939.8,0.0
26024456,-63.28,53.81,86046.1,0.00,-17758.6,45845.9,0.0
26024529,-65.84,45.88,36258.0,0.00,-40632.3,95815.4,0.0
26024602,-63.57,63.70,66756.0,0.00,-35300.9,50873.1,0.0
26024675,-65.53,45.55,32326.7,0.00,-35016.4,89049.7,0.0
26024748,-65.15,69.97,61886.0,0.00,-70022.6,80935.2,0.0
26024821,-65.31,47.06,25432.4,0.00,-34913.0,84214.0,0.0
26024894,-63.91,42.98,14700.5,0.00,-06989.1,56853.1,0.0
26024967,-61.82,61.19,59345.1,0.00,-08085.1,23305.5,0.0
26025040,-64.25,37.06,30008.8,0.00,-98243.6,62954.2,0.0
26025113,-63.51,59.10,76793.9,0.00,-28491.6,49691.0,0.0
26025186,-62.95,58.18,73908.9,0.00,-19270.7,40314.0,0.0
26025259,-63.86,41.30,17036.4,0.00,-02916.1,55850.0,0.0
26025332,-65.45,49.74,20902.3,0.00,-42887.3,87174.1,0.0
26025405,-61.81,42.97,90065.0,0.00,-83992.3,23152.0,0.0
26025478,-63.59,16.10,45160.0,0.00,-41925.3,51093.2,0.0
26025551,-63.74,31.53,30935.6,0.00,-80391.0,53645.2,0.0
26025624,-62.97,47.59,94872.5,0.00,-03988.8,40763.8,0.0
26025697,-67.23,48.22,53113.2,0.00,-71463.8,29877.1,0.0
26025770,-66.30,29.80,79070.2,0.00,-02597.9,06379.4,0.0
26025843,-64.46,68.88,60137.3,0.00,-55912.5,67108.4,0.0
26025916,-63.25,52.66,88100.3,0.00,-15614.3,45355.9,0.0
26025989,-61.38,45.46,82142.8,0.00,-83567.2,17179.0,0.0
26026062,-65.54,37.21,50578.9,0.00,-14412.3,89114.2,0.0
26026135,-64.93,39.46,36010.3,0.00,-12052.0,76222.8,0.0
26026208,-60.47,34.25,87121.0,0.00,-59381.3,05433.4,0.0
26026281,-64.99,50.71,12404.0,0.00,-37501.7,77598.9,0.0
26026354,-65.39,36.89,48646.3,0.00,-11638.3,85900.1,0.0
26026427,-62.87,37.52,10295.3,0.00,-84772.8,39109.6,0.0
26026500,-62.49,42.59,98021.2,0.00,-90183.8,33196.4,0.0
26026573,-60.40,44.74,74319.1,0.00,-73744.4,04697.5,0.0
26026646,-62.46,34.88,08827.3,0.00,-75930.8,32698.4,0.0
26026719,-59.90,51.00,62088.3,0.00,-76788.9,98749.7,0.0
26026792,-62.56,31.72,14143.9,0.00,-70627.3,34227.6,0.0
26026865,-67.15,34.31,87949.0,0.00,-28321.3,27576.8,0.0
26026938,-65.81,35.77,58319.9,0.00,-14121.8,95164.0,0.0
26027011,-66.76,29.67,89135.3,0.00,-07800.3,17699.5,0.0
26027084,-63.28,40.25,11255.6,0.00,-94275.1,45827.3,0.0
26027157,-64.93,53.24,05509.5,0.00,-41362.0,76395.8,0.0
26027230,-62.12,39.69,98149.1,0.00,-81550.4,27607.7,0.0
26027303,-61.23,43.48,83500.6,0.00,-79290.1,15148.9,0.0
26027376,-59.53,51.41,58980.1,0.00,-74026.3,94649.6,0.0
26027449,-64.96,34.96,44933.6,0.00,-01384.9,76874.6,0.0
26027522,-61.82,29.77,06882.4,0.00,-61193.5,23160.5,0.0
26027595,-62.15,21.74,18812.4,0.00,-47408.5,27921.7,0.0
26027668,-63.45,33.48,23933.4,0.00,-82021.3,48616.9,0.0
26027741,-63.38,34.26,21847.7,0.00,-83068.3,47469.4,0.0
26027814,-60.50,62.74,48394.4,0.00,-94112.6,05826.3,0.0
26027887,-61.43,14.75,13897.6,0.00,-30016.5,17786.5,0.0
26027960,-64.81,33.09,45727.7,0.00,-95032.4,73976.2,0.0
26028033,-61.65,25.79,08750.2,0.00,-52598.5,20802.3,0.0
26028106,-60.27,45.53,72173.0,0.00,-73618.1,03095.0,0.0
26028179,-63.12,35.89,15972.6,0.00,-83998.4,43197.0,0.0
26028252,-62.51,48.19,88916.9,0.00,-99532.6,33465.2,0.0
26028325,-60.88,35.94,89518.7,0.00,-64961.4,10605.6,0.0
26028398,-62.42,28.84,15657.7,0.00,-63743.4,32060.3,0.0
26028471,-65.66,26.11,72092.9,0.00,-84395.7,91673.2,0.0
26028544,-62.47,25.66,19680.1,0.00,-57538.2,32792.9,0.0
26028617,-61.92,45.99,86543.7,0.00,-89693.3,24638.2,0.0
26028690,-63.94,21.40,46395.9,0.00,-57413.3,57251.5,0.0
26028763,-60.72,28.23,95668.0,0.00,-51413.2,08608.0,0.0
26028836,-61.59,28.52,05379.2,0.00,-57311.6,19955.8,0.0
26028909,-61.01,17.77,06817.5,0.00,-34263.5,12178.2,0.0
26028982,-61.41,43.32,85485.0,0.00,-80711.9,17567.4,0.0
26029055,-60.66,27.61,95529.9,0.00,-50014.8,07830.6,0.0
26029128,-63.90,42.61,15192.8,0.00,-06072.8,56591.2,0.0
26029201,-63.29,45.20,02770.7,0.00,-03581.2,45913.9,0.0
26029274,-63.95,41.09,18657.6,0.00,-03544.1,57483.4,0.0
26029347,-62.83,24.23,26206.5,0.00,-56833.9,38413.0,0.0
26029420,-63.55,40.67,13995.8,0.00,-98033.3,50351.5,0.0
26029493,-63.58,46.75,03424.8,0.00,-10042.8,51016.9,0.0
26029566,-61.44,38.52,92194.7,0.00,-73468.9,17887.9,0.0
26029639,-63.97,28.72,38483.8,0.00,-75937.3,57937.4,0.0
26029712,-63.45,23.84,36016.9,0.00,-60143.9,48720.8,0.0
26029785,-62.07,25.62,14291.2,0.00,-54850.0,26771.4,0.0
26029858,-64.40,9.71,63548.4,0.00,-28006.5,65929.0,0.0
26029931,-64.62,37.27,35343.9,0.00,-03055.5,70112.9,0.0
26030004,-59.59,15.35,91922.8,0.00,-25267.5,95332.3,0.0
26030077,-62.01,25.42,13770.5,0.00,-54112.2,25983.5,0.0
26030150,-62.44,33.99,09717.1,0.00,-74039.0,32361.7,0.0
26030223,-61.95,46.00,86848.5,0.00,-90047.7,25105.0,0.0
26030296,-63.47,36.86,19186.6,0.00,-89441.2,49014.0,0.0
26030369,-65.76,30.50,67112.0,0.00,-98477.6,93969.8,0.0
26030442,-60.18,37.34,81041.8,0.00,-61910.6,01983.8,0.0
26030515,-60.41,33.31,87539.8,0.00,-57589.1,04784.2,0.0
26030588,-61.50,35.03,97228.1,0.00,-68213.8,18770.5,0.0
26030661,-62.25,21.67,20326.1,0.00,-47854.1,29492.8,0.0
26030734,-61.45,27.36,04899.1,0.00,-54323.7,18130.8,0.0
26030807,-63.33,44.06,05290.2,0.00,-01978.8,46580.1,0.0
26030880,-65.10,35.49,46358.5,0.00,-04437.3,79799.8,0.0
26030953,-61.22,34.46,94784.2,0.00,-65110.0,14992.9,0.0
26031026,-63.47,38.18,17051.2,0.00,-92128.5,48958.5,0.0
26031099,-63.62,38.87,18074.7,0.00,-95262.5,51712.2,0.0
26031172,-61.45,26.73,05491.7,0.00,-53184.5,18140.2,0.0
26031245,-63.74,25.81,38369.8,0.00,-66971.7,53725.2,0.0
26031318,-61.00,29.83,97245.0,0.00,-55819.5,12126.7,0.0
26031391,-64.02,33.72,32038.4,0.00,-88196.8,58785.4,0.0
26031464,-62.19,47.66,86605.2,0.00,-95139.2,28654.3,0.0
26031537,-60.71,29.08,94741.1,0.00,-52735.8,08429.4,0.0
26031610,-65.31,43.48,33658.1,0.00,-26857.8,84275.4,0.0
26031683,-62.50,42.98,97468.4,0.00,-90927.5,33296.3,0.0
26031756,-61.08,33.59,94185.9,0.00,-62620.5,13103.1,0.0
26031829,-63.61,34.34,24993.8,0.00,-85458.0,51415.0,0.0
26031902,-63.33,64.74,62487.1,0.00,-32616.8,46601.0,0.0
26031975,-64.45,36.85,33421.5,0.00,-00070.2,66779.4,0.0
26032048,-61.14,59.62,57537.3,0.00,-98337.4,13933.3,0.0
26032121,-63.56,39.88,15486.7,0.00,-96584.8,50551.6,0.0
26032194,-62.11,47.49,86100.2,0.00,-94029.8,27494.5,0.0
26032267,-63.16,32.60,21129.9,0.00,-77529.9,43817.0,0.0
26032340,-62.59,46.53,92545.6,0.00,-97738.3,34601.1,0.0
26032413,-65.52,52.87,13815.2,0.00,-50444.0,88646.0,0.0
26032486,-62.94,31.80,19178.2,0.00,-73961.5,40263.1,0.0
26032559,-61.10,49.44,73711.5,0.00,-86246.5,13454.1,0.0
26032632,-62.38,46.14,91037.9,0.00,-94853.6,31472.8,0.0
26032705,-62.47,54.02,77996.4,0.00,-07564.5,32866.7,0.0
26032778,-65.98,38.62,55341.4,0.00,-24194.4,98884.9,0.0
26032851,-65.23,43.11,33277.6,0.00,-24856.6,82625.6,0.0
26032924,-62.42,45.09,93165.6,0.00,-93568.4,32041.1,0.0
26032997,-61.72,52.43,74253.3,0.00,-96662.3,21889.9,0.0
26033070,-62.05,51.22,79221.5,0.00,-98738.2,26591.0,0.0
26033143,-60.60,49.19,69900.4,0.00,-81056.7,07033.9,0.0
26033216,-62.86,35.57,12976.3,0.00,-80875.0,38940.4,0.0
26033289,-61.63,38.86,93832.5,0.00,-75685.4,20552.1,0.0
26033362,-62.85,56.40,76718.1,0.00,-15614.9,38753.3,0.0
26033435,-63.87,47.51,05348.4,0.00,-15126.8,56052.8,0.0
26033508,-60.89,36.41,89106.9,0.00,-65801.3,10769.4,0.0
26033581,-64.27,34.68,34417.3,0.00,-93085.5,63502.1,0.0
26033654,-64.74,56.72,94567.4,0.00,-44241.8,72478.1,0.0
26033727,-67.49,43.65,71361.0,0.00,-63584.3,36905.9,0.0
26033800,-61.65,43.07,88181.4,0.00,-82537.8,20782.7,0.0
26033873,-62.05,52.58,76813.4,0.00,-00539.4,26524.6,0.0
26033946,-64.06,25.18,44350.4,0.00,-67913.7,59528.4,0.0
26034019,-64.26,38.23,28239.4,0.00,-01107.5,63303.6,0.0
26034092,-63.15,41.57,07461.4,0.00,-95394.0,43694.0,0.0
26034165,-63.02,23.52,29748.0,0.00,-56515.5,41522.2,0.0
26034238,-63.55,22.35,39137.0,0.00,-57240.6,50451.3,0.0
26034311,-63.58,36.34,21539.6,0.00,-89495.2,50934.6,0.0
26034384,-61.75,44.24,87570.3,0.00,-85375.8,22301.2,0.0
26034457,-64.30,34.35,35287.5,0.00,-92520.3,63898.5,0.0
26034530,-65.43,26.51,67120.4,0.00,-83400.0,86774.7,0.0
26034603,-64.08,18.56,51593.7,0.00,-50934.7,59921.9,0.0
26034676,-63.66,1.25,52336.5,0.00,-3328.1,52372.9,0.0
26034749,-63.26,38.78,13355.7,0.00,-91148.3,45456.3,0.0
26034822,-65.07,40.91,35459.2,0.00,-17454.6,79289.7,0.0
26034895,-66.41,13.24,03503.8,0.00,-47902.9,09065.8,0.0
26034968,-64.49,25.21,51534.1,0.00,-71397.8,67511.8,0.0
26035041,-64.81,18.62,64798.9,0.00,-55546.3,73908.2,0.0
26035114,-63.52,29.67,30243.9,0.00,-74269.8,49931.6,0.0
26035187,-64.41,30.54,42940.0,0.00,-84403.0,65999.2,0.0
26035260,-67.07,20.15,11743.9,0.00,-77726.3,25559.0,0.0
26035333,-63.87,31.91,32383.7,0.00,-82484.7,55978.1,0.0
26035406,-63.80,30.02,33942.2,0.00,-77444.0,54719.3,0.0
26035479,-63.75,27.07,37075.2,0.00,-70108.6,53963.7,0.0
26035552,-64.58,23.84,54905.0,0.00,-68499.3,69374.5,0.0
26035625,-62.83,18.84,31065.5,0.00,-44760.9,38498.0,0.0
26035698,-64.15,14.72,55809.1,0.00,-40964.5,61104.2,0.0
26035771,-62.59,38.81,04863.1,0.00,-84421.7,34622.8,0.0
26035844,-64.61,-2.71,69644.7,0.00,8041.3,69835.2,0.0
26035917,-65.24,19.93,71723.9,0.00,-62308.4,82678.5,0.0
26035990,-64.35,35.39,34377.9,0.00,-95529.6,64873.7,0.0
26036063,-62.78,35.21,12477.2,0.00,-79432.5,37697.6,0.0
26036136,-62.52,26.66,19292.0,0.00,-59938.8,33503.8,0.0
26036209,-63.47,34.64,22571.6,0.00,-84738.0,49011.2,0.0
26036282,-62.95,27.27,24698.6,0.00,-64321.2,40310.3,0.0
26036355,-64.18,6.79,60547.1,0.00,-19132.5,61683.1,0.0
26036428,-62.36,17.99,24695.4,0.00,-40516.5,31112.7,0.0
26036501,-70.62,67.23,31338.0,0.00,-13086.8,39518.8,0.0
26036574,-63.32,30.05,26747.8,0.00,-73382.5,46458.2,0.0
26036647,-64.24,20.94,52021.4,0.00,-58199.5,62781.2,0.0
26036720,-64.21,22.14,50378.4,0.00,-61213.3,62359.8,0.0
26036793,-63.39,19.45,39275.4,0.00,-49217.5,47715.9,0.0
26036866,-66.95,16.51,13385.2,0.00,-63280.2,22570.5,0.0
26036939,-68.84,14.74,67425.6,0.00,-70387.0,76533.5,0.0
26037012,-63.39,18.46,40044.8,0.00,-46790.2,47654.6,0.0
26037085,-64.60,12.78,65433.7,0.00,-37545.8,69640.8,0.0
26037158,-65.33,9.87,81906.7,0.00,-31656.4,84640.7,0.0
26037231,-64.04,3.78,58808.1,0.00,-10502.1,59155.0,0.0
26037304,-65.08,7.51,77775.8,0.00,-23439.6,79314.4,0.0
26037377,-64.06,41.51,19456.9,0.00,-05796.6,59570.9,0.0
26037450,-67.13,20.12,13194.9,0.00,-78135.9,27062.3,0.0
26037523,-64.22,15.41,56605.5,0.00,-43190.6,62452.2,0.0
26037596,-66.29,-9.17,03449.1,0.00,32860.6,06085.8,0.0
26037669,-62.68,40.80,02930.9,0.00,-88926.8,36024.8,0.0
26037742,-64.72,2.98,71922.7,0.00,-8951.0,72155.6,0.0
26037815,-62.59,39.53,03844.2,0.00,-85762.1,34680.2,0.0
26037888,-65.87,24.01,79392.9,0.00,-79958.7,96405.7,0.0
26037961,-62.44,34.04,09585.6,0.00,-74086.6,32279.4,0.0
26038034,-65.08,33.99,48718.8,0.00,-00336.3,79400.8,0.0
26038107,-63.18,31.42,22936.4,0.00,-75168.7,44096.1,0.0
26038180,-66.58,46.21,47552.8,0.00,-54004.3,13281.9,0.0
26038253,-65.37,36.15,49775.9,0.00,-09472.3,85518.2,0.0
26038326,-65.24,22.29,69128.5,0.00,-69381.4,82806.5,0.0
26038399,-64.70,28.20,51281.4,0.00,-81180.4,71686.7,0.0
26038472,-63.27,22.09,34915.8,0.00,-54784.9,45614.8,0.0
26038545,-64.86,40.50,32987.2,0.00,-13675.8,74950.8,0.0
26038618,-63.96,39.18,22142.4,0.00,-99610.3,57610.2,0.0
26038691,-61.20,45.37,80563.5,0.00,-81717.1,14752.6,0.0
26038764,-66.22,27.13,82042.5,0.00,-93326.5,04571.1,0.0
26038837,-67.30,24.33,11131.2,0.00,-95491.3,31721.8,0.0
26038910,-62.75,20.31,28643.6,0.00,-47636.9,37180.4,0.0
26038983,-64.19,23.99,47912.6,0.00,-65866.3,61915.1,0.0
26039056,-64.31,16.35,57488.0,0.00,-46224.5,64131.6,0.0
26039129,-64.60,38.29,33262.5,0.00,-05272.6,69827.0,0.0
26039202,-67.10,43.54,64038.6,0.00,-55987.1,26364.0,0.0
26039275,-62.74,12.67,33673.7,0.00,-30074.6,37015.1,0.0
26039348,-66.39,23.75,90835.9,0.00,-84002.2,08505.9,0.0
26039421,-67.49,17.03,26256.3,0.00,-69328.7,36639.8,0.0
26039494,-68.58,37.96,11713.7,0.00,-65235.5,68561.9,0.0
26039567,-64.94,36.09,42592.4,0.00,-04007.0,76493.8,0.0
26039640,-63.65,48.29,01167.4,0.00,-13607.9,52123.6,0.0
26039713,-69.60,34.69,48124.4,0.00,-71815.8,01805.2,0.0
26039786,-63.03,43.38,02926.4,0.00,-97353.6,41674.1,0.0
26039859,-65.86,41.27,47402.0,0.00,-29451.1,96175.8,0.0
26039932,-63.31,49.15,95609.5,0.00,-10682.8,46259.5,0.0
26040005,-64.46,29.58,45155.1,0.00,-82447.1,66935.7,0.0
26040078,-63.20,44.93,02212.2,0.00,-02075.2,44453.0,0.0
26040151,-69.96,25.49,83899.2,0.00,-35377.3,14524.7,0.0
26040224,-66.35,36.76,66334.0,0.00,-24323.9,07661.9,0.0
26040297,-64.73,24.72,56522.3,0.00,-72116.2,72336.8,0.0
26040370,-69.02,2.72,82126.0,0.00,-13388.8,82443.6,0.0
26040443,-62.82,40.53,05023.2,0.00,-89864.8,38222.8,0.0
26040516,-63.66,43.82,09855.6,0.00,-05522.0,52325.8,0.0
26040589,-66.76,50.81,37530.7,0.00,-68793.9,17729.4,0.0
26040662,-64.34,43.47,19503.4,0.00,-13394.3,64740.2,0.0
26040735,-65.14,51.83,11634.1,0.00,-42142.8,80739.4,0.0
26040808,-63.40,50.12,94751.6,0.00,-13518.1,47865.6,0.0
26040881,-62.90,43.86,00625.4,0.00,-96807.6,39632.3,0.0
26040954,-66.01,58.93,02944.2,0.00,-71002.1,99597.6,0.0
26041027,-62.42,49.81,85150.9,0.00,-00927.5,32049.4,0.0
26041100,-64.77,58.49,90445.2,0.00,-47706.9,73198.3,0.0
26041173,-62.73,58.72,70968.4,0.00,-16959.6,36806.7,0.0
26041246,-64.49,18.30,59101.7,0.00,-52639.0,67583.5,0.0
26041319,-61.84,41.08,93011.1,0.00,-81174.3,23451.7,0.0
26041392,-66.34,35.55,68725.5,0.00,-20646.1,07421.7,0.0
26041465,-61.18,42.71,84124.1,0.00,-77739.0,14543.5,0.0
26041538,-68.72,25.42,46370.4,0.00,-17153.9,72806.5,0.0
26041611,-63.03,49.72,91575.9,0.00,-08165.9,41725.2,0.0
26041684,-64.90,32.20,48676.0,0.00,-93694.4,75736.2,0.0
26041757,-64.53,46.48,15889.3,0.00,-22138.0,68368.7,0.0
26041830,-65.64,48.39,26970.9,0.00,-43081.5,91295.4,0.0
26041903,-62.62,63.72,59765.5,0.00,-21246.1,35176.0,0.0
26041976,-62.34,63.54,58258.6,0.00,-17272.0,30945.7,0.0
26042049,-64.36,53.20,98881.9,0.00,-32312.0,65178.9,0.0
26042122,-62.61,63.47,60240.0,0.00,-20886.7,35064.6,0.0
26042195,-64.56,69.23,59807.4,0.00,-57969.3,68911.9,0.0
26042268,-62.13,54.71,73699.0,0.00,-04286.2,27699.5,0.0
26042341,-63.84,50.88,98039.0,0.00,-20653.9,55463.9,0.0
26042414,-61.01,57.02,61037.3,0.00,-94230.8,12272.0,0.0
26042487,-66.34,37.21,65160.3,0.00,-25494.2,07428.8,0.0
26042560,-64.16,55.18,92089.3,0.00,-32541.9,61393.2,0.0
26042633,-61.91,34.58,02444.3,0.00,-70679.7,24460.6,0.0
26042706,-62.86,50.80,87736.3,0.00,-07700.1,38913.5,0.0
26042779,-65.04,53.34,06620.7,0.00,-43360.9,78662.6,0.0
26042852,-64.59,56.22,94222.8,0.00,-40999.4,69584.1,0.0
26042925,-64.60,35.41,38347.8,0.00,-98435.2,69792.8,0.0
26042998,-62.93,52.55,85075.0,0.00,-11186.6,40000.8,0.0
26043071,-61.31,66.94,45456.9,0.00,-07012.7,16267.1,0.0
26043144,-62.57,52.72,81292.4,0.00,-06918.5,34313.1,0.0
26043217,-65.52,50.28,20573.7,0.00,-45223.5,88753.5,0.0
26043290,-62.82,45.10,97577.1,0.00,-98016.0,38305.6,0.0
26043363,-63.98,40.99,19189.7,0.00,-03659.9,57960.6,0.0
26043436,-61.07,47.29,76670.3,0.00,-83152.2,13104.5,0.0
26043509,-64.04,55.63,89814.1,0.00,-31462.8,59213.8,0.0
26043582,-61.56,61.11,57709.8,0.00,-04752.1,19596.9,0.0
26043655,-64.53,17.74,60408.8,0.00,-51355.1,68429.1,0.0
26043728,-65.53,39.42,45844.1,0.00,-19959.4,88840.6,0.0
26043801,-61.15,50.98,71769.8,0.00,-88675.2,14079.7,0.0
26043874,-61.79,68.34,45227.4,0.00,-14163.4,22795.7,0.0
26043947,-61.97,56.92,68348.9,0.00,-05062.7,25338.5,0.0
26044020,-60.82,52.27,67187.8,0.00,-86959.2,09891.3,0.0
26044093,-62.89,52.74,84315.3,0.00,-10953.1,39354.4,0.0
26044166,-61.65,54.99,69253.7,0.00,-99010.7,20827.1,0.0
26044239,-63.81,41.04,16819.4,0.00,-01765.1,54928.7,0.0
26044312,-63.98,57.02,85991.8,0.00,-32689.6,58117.4,0.0
26044385,-60.83,54.75,63428.5,0.00,-89874.1,10002.4,0.0
26044458,-62.82,48.08,92291.6,0.00,-02898.0,38223.5,0.0
26044531,-63.48,50.07,95705.4,0.00,-14476.1,49212.3,0.0
26044604,-62.67,59.31,69276.0,0.00,-16910.0,35893.7,0.0
26044677,-62.30,45.86,90625.6,0.00,-93490.7,30205.7,0.0
26044750,-63.99,74.31,42702.2,0.00,-52356.6,58227.8,0.0
26044823,-63.18,46.88,98483.4,0.00,-05287.8,44168.4,0.0
26044896,-59.48,64.09,41059.1,0.00,-84734.8,94158.6,0.0
26044969,-63.12,45.66,99963.4,0.00,-02381.1,43089.4,0.0
26045042,-60.41,53.35,62486.9,0.00,-84126.6,04794.5,0.0
26045115,-62.57,53.05,80669.1,0.00,-07390.9,34314.3,0.0
26045188,-59.91,57.44,53153.6,0.00,-83394.5,98893.6,0.0
26045261,-61.36,48.77,76953.2,0.00,-87938.5,16854.5,0.0
26045334,-64.20,52.97,97607.0,0.00,-29515.3,62176.9,0.0
26045407,-60.22,39.53,78987.8,0.00,-65266.9,02463.8,0.0
26045480,-61.49,42.22,87820.0,0.00,-79781.3,18648.3,0.0
26045553,-61.61,57.99,63680.5,0.00,-02025.0,20267.6,0.0
26045626,-59.53,50.64,59948.4,0.00,-73217.4,94628.7,0.0
26045699,-61.45,53.95,69436.3,0.00,-95548.9,18114.4,0.0
26045772,-62.92,42.12,03760.4,0.00,-93905.8,39944.7,0.0
26045845,-60.60,37.77,84559.1,0.00,-65599.3,07021.1,0.0
26045918,-63.20,32.03,22368.0,0.00,-76621.0,44376.9,0.0
26045991,-62.94,39.70,07826.5,0.00,-89601.2,40196.0,0.0
26046064,-62.57,35.12,09897.9,0.00,-77371.8,34402.2,0.0
26046137,-59.81,59.48,49595.6,0.00,-84314.3,97819.3,0.0
26046210,-61.04,56.19,62609.5,0.00,-93649.1,12650.3,0.0
26046283,-63.57,31.61,28327.2,0.00,-79028.6,50709.6,0.0
26046356,-65.45,36.42,50669.6,0.00,-11254.5,87293.6,0.0
26046429,-59.90,42.81,72433.7,0.00,-67191.4,98799.4,0.0
26046502,-60.51,39.49,81782.2,0.00,-67469.6,06021.1,0.0
26046575,-61.49,31.14,01472.6,0.00,-61363.1,18583.8,0.0
26046648,-60.87,49.87,71159.3,0.00,-84519.6,10486.2,0.0
26046721,-59.62,47.68,64335.9,0.00,-70775.8,95646.9,0.0
26046794,-65.07,32.19,51602.6,0.00,-95479.2,79163.6,0.0
26046867,-66.14,26.26,81773.7,0.00,-89730.1,02714.5,0.0
26046940,-61.72,64.00,53300.6,0.00,-09506.5,21789.3,0.0
26047013,-61.73,50.67,77224.6,0.00,-94379.6,21947.3,0.0
26047086,-60.42,47.54,70745.9,0.00,-77423.1,04877.7,0.0
26047159,-62.96,31.68,19489.9,0.00,-73792.9,40439.5,0.0
26047232,-62.19,31.83,09208.7,0.00,-67855.0,28572.3,0.0
26047305,-63.64,47.72,02202.5,0.00,-12508.7,51998.5,0.0
26047378,-62.76,29.04,19981.0,0.00,-66663.1,37256.7,0.0
26047451,-62.55,43.81,96708.2,0.00,-92865.6,34076.5,0.0
26047524,-64.64,65.22,71403.8,0.00,-54868.6,70536.8,0.0
26047597,-62.96,35.45,14383.4,0.00,-81515.9,40457.9,0.0
26047670,-60.05,50.17,64350.0,0.00,-77264.8,00552.3,0.0
26047743,-63.54,30.27,29648.6,0.00,-75736.0,50148.9,0.0
26047816,-60.67,35.64,87671.6,0.00,-62935.1,07921.9,0.0
26047889,-64.33,44.30,17688.2,0.00,-14955.2,64515.1,0.0
26047962,-60.67,29.30,94082.8,0.00,-52847.3,07909.3,0.0
26048035,-62.14,52.61,77582.4,0.00,-01623.6,27853.0,0.0
26048108,-61.75,49.78,78855.6,0.00,-93350.0,22198.3,0.0
26048181,-64.32,36.95,31250.6,0.00,-98800.7,64281.2,0.0
26048254,-63.18,57.30,77822.1,0.00,-21391.1,44194.6,0.0
26048327,-62.61,32.24,14170.6,0.00,-72075.1,35017.6,0.0
26048400,-60.80,39.15,84910.8,0.00,-69207.6,09542.4,0.0
26048473,-62.66,47.56,91528.5,0.00,-00219.8,35725.7,0.0
26048546,-62.66,41.01,02431.8,0.00,-89171.8,35808.3,0.0
26048619,-60.82,57.38,59171.3,0.00,-92597.0,09888.3,0.0
26048692,-65.56,42.93,38782.4,0.00,-29185.4,89603.4,0.0
26048765,-59.68,45.78,67151.1,0.00,-69115.8,96365.3,0.0
26048838,-64.39,29.45,44192.5,0.00,-81481.5,65622.2,0.0
26048911,-59.42,29.01,81700.6,0.00,-45361.4,93448.6,0.0
26048984,-60.84,43.46,79868.2,0.00,-75775.8,10095.0,0.0
26049057,-61.67,48.65,79976.3,0.00,-90983.5,21137.2,0.0
26049130,-60.30,37.73,81750.1,0.00,-63338.8,03416.0,0.0
26049203,-61.66,38.91,94055.4,0.00,-75996.6,20921.1,0.0
26049276,-64.20,47.66,09139.7,0.00,-19875.8,62116.2,0.0
26049349,-60.44,38.36,82428.6,0.00,-65317.6,05170.6,0.0
26049422,-62.13,52.37,77960.1,0.00,-01263.5,27797.0,0.0
26049495,-60.35,45.80,72523.5,0.00,-74679.8,04099.6,0.0
26049568,-62.89,36.62,11816.0,0.00,-83187.5,39366.4,0.0
26049641,-60.41,26.74,93559.5,0.00,-47195.4,04789.3,0.0
26049714,-60.04,39.23,77736.4,0.00,-63550.7,00407.4,0.0
26049787,-60.99,60.08,55814.7,0.00,-97151.0,12042.8,0.0
26049860,-60.46,44.86,74617.1,0.00,-74355.1,05339.4,0.0
26049933,-62.94,33.00,17579.0,0.00,-76417.2,40229.9,0.0
